source_name,best_val_loss,vocab_size,train_tokens,val_tokens,wall_clock_s,n_eval_points
076_retrosheet-baseball,0.272,68,1003851,111539,134.0,21
077_nba-play-by-play,0.34225887060165405,85,968297,107589,128.0,21
097_cia-world-factbook,0.742789089679718,87,999603,111067,166.0,21
021_fannie-farmer,0.7546903491020203,113,995423,110603,3572.4234993457794,21
038_ibsen,0.807984471321106,95,998207,110912,159.0,21
052_uspto-patents,0.8101,81,1002721,111414,141.0,21
005_book-of-mormon,0.839693546295166,73,1003044,111450,3611.771785736084,21
040_whitman-leaves-grass,0.8785607814788818,90,999415,111047,170.0,21
010_tinystories,0.9005,77,1002108,111346,3500.190304040909,21
023_eliza-acton,0.9193783402442932,105,1001793,111311,3659.260692834854,21
054_federal-register,0.947,88,1000759,111196,127.0,21
051_us-code-title18,0.9501778483390808,82,993540,110394,128.0,21
058_us-constitution-amendments,0.9554658532142639,89,1001797,111311,799.0,21
053_us-founding,0.963,87,1002293,111366,137.0,21
059_cfr-title21,1.0079765319824219,91,998757,110973,792.0,21
090_arxiv-math-abs,1.02278470993042,134,1003178,111465,148.0,21
000_kjv-bible,1.0756,72,1002611,111402,4369.686533212662,21
091_arxiv-physics-abs,1.11,131,1003519,111503,129.0,21
001_quran-rodwell,1.1174991130828857,106,988560,109840,3520.9722871780396,21
061_doyle-sherlock,1.1183,91,982558,109174,131.0,21
057_un-treaties,1.1196,92,1003364,111485,131.0,21
027_sarah-rorer,1.119753360748291,95,392553,43618,3993.9862926006317,21
086_reddit-relationships,1.1279823780059814,160,996283,110699,129.0,21
089_reddit-legaladvice,1.1347,160,996659,110740,159.0,21
092_arxiv-cs-abs,1.1395,119,1003610,111513,128.0,21
070_reuters-21578,1.1459983587265015,84,1003618,111514,132.0,21
049_keats,1.1546,92,501266,55697,133.0,21
093_pubmed-abs,1.1669,153,1000420,111158,172.0,21
085_reddit-amitheasshole,1.168,149,996049,110673,137.0,21
063_austen,1.1703698635101318,94,989910,109990,165.0,21
073_ap-wire-vintage,1.1704707145690918,100,1002172,111353,169.0,21
006_apocrypha,1.1771968603134155,78,715213,79469,3996.105550289154,21
020_beeton-household,1.2125,101,1003545,111506,3505.305887937546,21
081_stackoverflow,1.2285569906234741,236,1001793,111311,129.0,21
045_poe-poems,1.2507,109,853556,94840,149.0,21
013_grimm-fairy-tales,1.2561657428741455,81,468494,52055,3608.4695138931274,21
065_burroughs-er,1.268,84,994274,110475,135.0,21
066_wilkie-collins,1.2785512208938599,83,984346,109372,803.0,21
083_stackexchange-cook,1.2835,142,1002801,111423,132.0,21
055_blackstone-commentaries,1.2974737882614136,98,1002605,111401,128.0,21
019_oz-baum,1.3053776025772095,85,588400,65378,4334.620441436768,21
067_stephen-crane,1.3098,89,997775,110864,131.0,21
088_reddit-buyitforlife,1.311,222,997278,110809,148.0,21
068_owen-wister,1.3228771686553955,82,976293,108478,128.0,21
033_aeschylus,1.3399,185,996792,110755,150.0,21
084_reddit-eli5,1.3474,183,999842,111094,132.0,21
037_moliere,1.3536,108,994888,110544,820.0,21
094_simple-wikipedia,1.3565545082092285,231,1001693,111300,131.0,21
016_carroll-alice,1.3634612560272217,85,277820,30869,3673.7160539627075,21
035_euripides,1.369675874710083,146,993339,110371,174.0,21
031_shakespeare-complete,1.3739,86,991057,110118,3593.6779024600983,21
007_confucius-analects,1.3769,74,151708,16857,3597.719578027725,21
099_math-reviews,1.381276249885559,137,1003220,111469,166.0,21
078_historical-obits,1.386488437652588,110,999472,111053,168.0,21
064_dickens,1.3894739151000977,81,985251,109473,133.0,21
080_hn-comments,1.389856219291687,140,1001488,111277,147.0,21
082_stackexchange-eng,1.396,498,996966,110775,130.0,21
043_tennyson,1.4255,192,983247,109250,155.0,21
050_scotus-opinions,1.4285691976547241,106,987376,109709,141.0,21
046_longfellow,1.4295945167541504,142,1002754,111418,156.0,21
036_aristophanes,1.4330917596817017,96,999817,111091,147.0,21
047_wordsworth,1.4362,200,1001637,111293,125.0,21
012_aesop-fables,1.4413697719573975,127,218124,24236,3609.62748503685,21
048_coleridge,1.4516,231,999784,111088,132.0,21
087_reddit-wallstreetbets,1.4525789022445679,637,989460,109941,132.0,21
014_andersen-fairy-tales,1.454074740409851,79,269310,29924,3646.6226403713226,21
030_tinyshakespeare,1.4588886499404907,65,1003849,111539,3502.888748884201,21
060_lovecraft,1.46,106,1003460,111496,137.0,21
096_britannica-1911,1.4843761920928955,92,1003773,111531,161.0,21
011_mother-goose,1.5179,80,104785,11643,3577.4043250083923,21
008_methodist-hymnal,1.5193,80,49316,5480,3638.4063234329224,21
032_marlowe,1.5218,110,1003581,111510,146.0,21
034_sophocles,1.5259,95,1001087,111232,131.0,21
069_hg-wells,1.547795057296753,96,988813,109869,162.0,21
062_mark-twain,1.5494825839996338,87,974112,108235,132.0,21
044_rossetti-christina,1.5693800449371338,91,813538,90394,154.0,21
095_wikipedia-sample,1.5923,389,999683,111076,131.0,21
015_lear-nonsense,1.5942758321762085,88,193806,21534,3669.2942407131195,21
018_beatrix-potter,1.597387433052063,84,146939,16327,4362.438196659088,21
025_whitehouse-cookbook,1.5980876684188843,91,1003696,111522,3655.9620440006256,21
026_apicius-roman,1.606,88,601082,66787,4200.53308224678,21
071_newsgroups-20,1.6121,100,1003677,111520,138.0,21
079_tabloid-headlines,1.6197752952575684,111,993438,110382,149.0,21
075_nyt-historical,1.6359672546386719,111,988574,109842,133.0,21
041_dickinson,1.6412,80,157192,17466,128.0,21
002_bhagavad-gita-arnold,1.6488,79,111681,12409,3687.879561662674,21
098_ietf-rfcs,1.7231,96,1003820,111536,779.0,21
017_stevenson-childs,1.7624,67,47027,5226,3980.9101774692535,21
003_tao-te-ching-legge,1.7636,72,53134,5904,3623.8625135421753,21
004_dhammapada,1.793,77,60086,6677,3686.156152009964,21
072_chronicling-america,1.8094,163,987782,109754,135.0,21
074_bbc-transcripts,1.841,111,979384,108821,135.0,21
022_robert-may-accomplisht-cook,1.8757874965667725,84,726440,80716,3616.2074921131134,21
024_international-jewish-cookbook,1.9093525409698486,94,747088,83010,3636.9447491168976,21
028_mrs-rundell,1.9181900024414062,80,408924,45436,4367.291794300079,21
039_chekhov,1.9498,97,668927,74326,155.0,21
029_soyer-housewife,2.0079,104,797253,88584,4355.048403739929,21
042_blake-songs,2.1529,87,87055,9673,129.0,21
056_magna-carta-medieval,2.299379587173462,126,998927,110992,135.0,21
009_lotus-sutra-kern,2.6559746265411377,110,778594,86511,4318.723103046417,21
